"","assignmentid"
"29","3IUZPWIU1O8PC9TOLVXCI3EU74KWKA"
"40","3WYP994K17SM2Z3ZYSLZTHUSHH06YE"
"51","324G5B4FB39894LJ9UFI73040F570D"
"56","351SEKWQS0ILTRT0PC525SHDPT9MDW"
"62","3NOKK93PR19S99FN49S3Y2UPG3JEES"
"65","3YGXWBAF70IVK9YGJCAVZSIVI2C4CJ"
"66","3Z4AIRP3C6E2V8CSNQNGF7W270QX11"
"71","3EA3QWIZ4IW6EXZ6QN7PI3SIB6DTI6"
"76","3QUO65DNQUPVAWPYONA47WA66TJOUN"
"82","3ND9UOO81K30WFB66V9DX3R9W4PLW2"
"83","32Q90QCQ1SMVV97X0V36WX7U00FKEI"
"91","3J4Q2Z4UTY4BNCRJY0H9EPQ36ACWQ2"
"95","3OONKJ5DKCKGEXGSOWT926IIH8COB6"
"98","308Q0PEVB8ENUIQSSH28R3R6HZA9IM"
"101","3LQ8PUHQFLTG9O8BQTQ04KPU0CIHIK"
"109","35GMH2SV3EIEL0SCYNVZ3EO3K5POE6"
"112","3E4GGUZ1T8S30TVH7B85UWY53XPK2G"
"113","3L0KT67Y8EHRPX1W55O2UMQKZ6XSYM"
"124","3GS6S824SQYQKFERI8PSAVVY1ZPWNF"
"126","3E13VNJ1NNW55DNXO4NFCX9NJNMI1M"
"162","30JNVC0OR9LTQMWU31V9DMGGRMZHQN"
"163","3VHHR074H3IL60A5YN115NSS3DHL71"
"166","3S96KQ6I9M5P6MJKY96ER6C5J15TD4"
"173","3R6P78PK7KCSI6TB0Z7MXRF2WTLTGE"
"185","3AAPLD8UCCI6I2OMK5P4IRR3BTYTHD"
"200","38JBBYETQOBAH7IUF3GQPGIY3EPE4M"
"234","3HWRJOOET53TJSK554C8NJY4HUTSE8"
"248","37XITHEISWA2LF0EUO687LT5AGXRCQ"
